{"NFLX_BMRN": {"beta_win": 750, "z_win": 120, "z_entry": 1.3, "z_exit": -0.6999999999999997, "trade_freq": "8m"}, "ATVI_EA": {"beta_win": 710, "z_win": 150, "z_entry": 2.7, "z_exit": -0.09999999999999964, "trade_freq": "49m"}, "TSLA_EA": {"beta_win": 760, "z_win": 490, "z_entry": 2.4000000000000004, "z_exit": -0.2999999999999998, "trade_freq": "55m"}, "PAYX_EXPE": {"beta_win": 140, "z_win": 700, "z_entry": 3.2, "z_exit": -1.1999999999999997, "trade_freq": "33m"}, "ADP_EXPE": {"beta_win": 10, "z_win": 400, "z_entry": 1.0, "z_exit": -0.09999999999999964, "trade_freq": "50m"}, "AMZN_IDXX": {"beta_win": 470, "z_win": 70, "z_entry": 2.6, "z_exit": 0.0, "trade_freq": "24m"}, "VOD_HOLX": {"beta_win": 280, "z_win": 360, "z_entry": 3.0, "z_exit": -1.2999999999999998, "trade_freq": "19m"}, "HOLX_MELI": {"beta_win": 630, "z_win": 500, "z_entry": 3.3000000000000003, "z_exit": 0.0, "trade_freq": "30m"}, "WDC_HSIC": {"beta_win": 470, "z_win": 520, "z_entry": 1.3, "z_exit": -2.4, "trade_freq": "25m"}}