{"MELI_WBA": {"beta_win": 750, "z_win": 290, "z_entry": 1.2000000000000002, "z_exit": -1.5, "trade_freq": "6m"}, "AMZN_PCAR": {"beta_win": 360, "z_win": 30, "z_entry": 1.9000000000000001, "z_exit": -3.0, "trade_freq": "54m"}}