{"MELI_BIIB": {"beta_win": 380, "z_win": 840, "z_entry": 0.7000000000000001, "z_exit": -2.8, "trade_freq": "15m"}, "FB_BIIB": {"beta_win": 770, "z_win": 920, "z_entry": 0.30000000000000004, "z_exit": -0.7999999999999998, "trade_freq": "57m"}, "BIDU_BIIB": {"beta_win": 420, "z_win": 800, "z_entry": 0.30000000000000004, "z_exit": -2.7, "trade_freq": "44m"}, "WYNN_BIIB": {"beta_win": 300, "z_win": 290, "z_entry": 0.2, "z_exit": -1.5999999999999999, "trade_freq": "46m"}, "MSFT_HAS": {"beta_win": 630, "z_win": 370, "z_entry": 2.9000000000000004, "z_exit": -2.7, "trade_freq": "14m"}, "AAL_HAS": {"beta_win": 850, "z_win": 410, "z_entry": 3.3000000000000003, "z_exit": -1.0999999999999996, "trade_freq": "16m"}, "SBUX_HAS": {"beta_win": 150, "z_win": 650, "z_entry": 1.5, "z_exit": -0.09999999999999964, "trade_freq": "57m"}, "KHC_HAS": {"beta_win": 400, "z_win": 20, "z_entry": 2.5, "z_exit": -1.0999999999999996, "trade_freq": "49m"}}