{"AAL_WBA": {"beta_win": 690, "z_win": 560, "z_entry": 0.8, "z_exit": -0.7999999999999998, "trade_freq": "10m"}, "SIRI_WBA": {"beta_win": 330, "z_win": 890, "z_entry": 1.6, "z_exit": -0.09999999999999964, "trade_freq": "37m"}, "WYNN_WBA": {"beta_win": 800, "z_win": 270, "z_entry": 2.4000000000000004, "z_exit": -0.8999999999999999, "trade_freq": "14m"}}