{"synprice_QQQ": {"beta_win": 232, "z_win": 992, "z_entry": 1.1, "z_exit": 1.3, "z_stop_scaler": 1.9000000000000001, "trade_freq": "4m", "stop_loss": 0.05}, "pairs_to_trade": 5, "buffer_capital": 0.35000000000000003}